,High,Low,Open,Close,Volume,Adj Close,MarginPurchaseBuy,MarginPurchaseCashRepayment,MarginPurchaseSell,MarginPurchaseTodayBalance,MarginPurchaseYesterdayBalance,OffsetLoanAndShort,ShortSaleBuy,ShortSaleSell,ShortSaleTodayBalance,ShortSaleYesterdayBalance,b_total,s_total,b_s_ratio,buy_volume,sell_volume,bs_ratio,Date
2014-01-02,58.75,58.34999847412109,58.70000076293945,58.54999923706055,10762073.0,58.54999923706055,492.0,0.0,552.0,5683.0,5743.0,7.0,33.0,18.0,2393.0,2408.0,342192.0,345482.0,1.009611535010944,6531000.0,1039000.0,6.285845730658584,2014-01-02
2014-01-03,58.45000076293945,57.70000076293945,58.45000076293945,57.84999847412109,14509506.0,57.84999847412109,699.0,2.0,406.0,5974.0,5683.0,9.0,62.0,54.0,2385.0,2393.0,341276.0,344865.0,1.010513453880572,5260000.0,1312000.0,4.009143285713959,2014-01-03
2014-01-06,57.95000076293945,57.54999923706055,57.75,57.70000076293945,14870810.0,57.70000076293945,224.0,2.0,56.0,6140.0,5974.0,13.0,36.0,23.0,2372.0,2385.0,341110.0,344878.0,1.0110433260727447,7477000.0,2012000.0,3.7162009362818407,2014-01-06
2014-01-07,57.900001525878906,57.70000076293945,57.75,57.70000076293945,13128332.0,57.70000076293945,295.0,5.0,279.0,6151.0,6140.0,10.0,50.0,10.0,2332.0,2372.0,341099.0,344918.0,1.0111931984755205,6194000.0,936000.0,6.61751429752746,2014-01-07
2014-01-08,57.95000076293945,57.70000076293945,57.70000076293945,57.79999923706055,7605215.0,57.79999923706055,437.0,0.0,75.0,6513.0,6151.0,0.0,21.0,5.0,2316.0,2332.0,340862.0,345059.0,1.0123099309693335,2232000.0,1749000.0,1.2761570748101343,2014-01-08
2014-01-09,57.79999923706055,57.400001525878906,57.650001525878906,57.54999923706055,8571228.0,57.54999923706055,238.0,0.0,372.0,6379.0,6513.0,18.0,41.0,23.0,2298.0,2316.0,340996.0,345077.0,1.0119649146473428,582000.0,4662000.0,0.1248390980611115,2014-01-09
2014-01-10,57.650001525878906,57.5,57.5,57.54999923706055,4741624.0,57.54999923706055,36.0,6.0,34.0,6375.0,6379.0,0.0,9.0,19.0,2308.0,2298.0,341000.0,345067.0,1.0119237186987722,2175000.0,995000.0,2.185927451329195,2014-01-10
2014-01-13,58.20000076293945,57.79999923706055,58.0,57.900001525878906,6179869.0,57.900001525878906,333.0,0.0,352.0,6356.0,6375.0,32.0,8.0,42.0,2342.0,2308.0,340894.0,344908.0,1.011771953240734,2338000.0,1990000.0,1.1748737814704615,2014-01-13
2014-01-14,57.84999847412109,57.59999847412109,57.70000076293945,57.79999923706055,4276441.0,57.79999923706055,81.0,5.0,191.0,6241.0,6356.0,0.0,9.0,15.0,2348.0,2342.0,341259.0,345152.0,1.0114047939987107,2443000.0,1038000.0,2.353562279805125,2014-01-14
2014-01-15,58.45000076293945,57.95000076293945,57.95000076293945,58.400001525878906,11675845.0,58.400001525878906,113.0,45.0,631.0,5678.0,6241.0,124.0,7.0,135.0,2476.0,2348.0,336572.0,339774.0,1.0095105668012585,9690000.0,524000.0,18.492331121505494,2014-01-15
2014-01-16,58.75,58.5,58.5,58.54999923706055,12771698.0,58.54999923706055,135.0,0.0,312.0,5501.0,5678.0,75.0,9.0,58.0,2525.0,2476.0,332999.0,335975.0,1.0089339339339338,11757000.0,1969000.0,5.971048262545321,2014-01-16
2014-01-17,58.70000076293945,58.29999923706055,58.59999847412109,58.650001525878906,8169584.0,58.650001525878906,60.0,15.0,168.0,5378.0,5501.0,49.0,47.0,53.0,2531.0,2525.0,332497.0,335344.0,1.008559449981654,7129000.0,962000.0,7.41059520728149,2014-01-17
2014-01-20,58.79999923706055,58.400001525878906,58.400001525878906,58.79999923706055,5627156.0,58.79999923706055,108.0,0.0,125.0,5361.0,5378.0,40.0,3.0,26.0,2554.0,2531.0,332514.0,335321.0,1.0084387170503586,5074000.0,234000.0,21.68366801851274,2014-01-20
2014-01-21,58.84999847412109,58.5,58.75,58.54999923706055,6963662.0,58.54999923706055,92.0,33.0,116.0,5304.0,5361.0,26.0,14.0,7.0,2547.0,2554.0,332571.0,335328.0,1.0082869273420492,5951000.0,463000.0,12.853103988976263,2014-01-21
2014-01-22,58.650001525878906,58.34999847412109,58.45000076293945,58.650001525878906,6838219.0,58.650001525878906,7.0,1.0,126.0,5184.0,5304.0,47.0,21.0,9.0,2535.0,2547.0,332691.0,335340.0,1.0079593137195966,6077000.0,861000.0,7.058063811772576,2014-01-22
2014-01-23,58.75,58.34999847412109,58.59999847412109,58.5,6904868.0,58.5,171.0,0.0,81.0,5274.0,5184.0,6.0,40.0,2.0,2497.0,2535.0,332101.0,334878.0,1.0083588776942023,5306000.0,1205000.0,4.403315847870665,2014-01-23
2014-01-24,58.79999923706055,58.29999923706055,58.29999923706055,58.650001525878906,10706035.0,58.650001525878906,52.0,0.0,475.0,4851.0,5274.0,25.0,3.0,27.0,2521.0,2497.0,332524.0,334854.0,1.0070039846628074,10184000.0,1305000.0,7.803825437681657,2014-01-24
2014-01-27,58.20000076293945,57.45000076293945,58.09999847412109,57.59999847412109,21325343.0,57.59999847412109,708.0,4.0,581.0,4974.0,4851.0,162.0,148.0,17.0,2390.0,2521.0,329276.0,331860.0,1.0078444592243003,3930000.0,15851000.0,0.2479338686559921,2014-01-27
2014-02-05,56.400001525878906,55.59999847412109,56.400001525878906,55.79999923706055,57559609.0,55.79999923706055,1834.0,0.0,424.0,6384.0,4974.0,171.0,791.0,67.0,1666.0,2390.0,331741.0,336459.0,1.014218880937596,3991000.0,52742000.0,0.0756702423937233,2014-02-05
2014-02-06,56.20000076293945,55.79999923706055,55.95000076293945,56.0,12853797.0,56.0,337.0,0.0,213.0,6508.0,6384.0,13.0,106.0,324.0,1884.0,1666.0,331992.0,336616.0,1.013924992394418,1283000.0,9321000.0,0.1376461605357622,2014-02-06
2014-02-07,56.70000076293945,56.29999923706055,56.400001525878906,56.59999847412109,16027524.0,56.59999847412109,240.0,0.0,689.0,6059.0,6508.0,52.0,39.0,248.0,2093.0,1884.0,332066.0,336032.0,1.0119403614330842,8641000.0,5157000.0,1.675586256430821,2014-02-07
2014-02-10,56.900001525878906,56.59999847412109,56.900001525878906,56.59999847412109,6020179.0,56.59999847412109,71.0,0.0,427.0,5703.0,6059.0,34.0,58.0,254.0,2289.0,2093.0,332422.0,335836.0,1.0102670392842854,509200.0,1601000.0,0.318051019331031,2014-02-10
2014-02-11,56.95000076293945,56.59999847412109,56.59999847412109,56.95000076293945,5582078.0,56.95000076293945,48.0,8.0,183.0,5560.0,5703.0,3.0,11.0,94.0,2372.0,2289.0,332565.0,335753.0,1.009583060204591,3286000.0,1306000.0,2.516077705912936,2014-02-11
2014-02-12,57.54999923706055,57.150001525878906,57.150001525878906,57.54999923706055,18604541.0,57.54999923706055,198.0,0.0,485.0,5273.0,5560.0,37.0,60.0,110.0,2422.0,2372.0,332852.0,335703.0,1.0085623383295328,16476000.0,6950000.0,2.3706471409140804,2014-02-12
2014-02-13,57.54999923706055,57.34999847412109,57.45000076293945,57.400001525878906,8235696.0,57.400001525878906,80.0,0.0,221.0,5132.0,5273.0,7.0,5.0,82.0,2499.0,2422.0,332993.0,335626.0,1.0079040463191529,5970000.0,2702000.0,2.209473645642618,2014-02-13
2014-02-14,58.20000076293945,57.70000076293945,57.70000076293945,57.95000076293945,22328857.0,57.95000076293945,134.0,0.0,561.0,4705.0,5132.0,45.0,50.0,97.0,2296.0,2499.0,333420.0,335829.0,1.0072221005875457,20903000.0,3322000.0,6.29229190478871,2014-02-14
2014-02-17,58.25,57.95000076293945,58.09999847412109,57.95000076293945,15434959.0,57.95000076293945,112.0,0.0,384.0,4433.0,4705.0,8.0,21.0,63.0,2338.0,2296.0,332442.0,334537.0,1.0062988241593296,14520000.0,1118000.0,12.987466021944524,2014-02-17
2014-02-18,58.150001525878906,57.79999923706055,57.95000076293945,58.150001525878906,13088686.0,58.150001525878906,66.0,0.0,200.0,4299.0,4433.0,8.0,3.0,68.0,2403.0,2338.0,332576.0,334472.0,1.0056979285999934,12111000.0,3131000.0,3.8680920255215514,2014-02-18
2014-02-19,58.20000076293945,58.04999923706055,58.09999847412109,58.150001525878906,13366688.0,58.150001525878906,139.0,2.0,170.0,4266.0,4299.0,3.0,7.0,71.0,2467.0,2403.0,332609.0,334408.0,1.005405730435044,12780000.0,933000.0,13.697734514754003,2014-02-19
2014-02-20,58.04999923706055,57.59999847412109,58.04999923706055,57.650001525878906,13737331.0,57.650001525878906,236.0,7.0,78.0,4417.0,4266.0,43.0,28.0,16.0,2455.0,2467.0,332208.0,334170.0,1.0059029105171744,11113000.0,5002000.0,2.221710871309302,2014-02-20
2014-02-21,58.45000076293945,58.20000076293945,58.400001525878906,58.20000076293945,17317428.0,58.20000076293945,89.0,1.0,484.0,4021.0,4417.0,6.0,4.0,91.0,2542.0,2455.0,330729.0,332208.0,1.004468902125601,16181000.0,2621000.0,6.17359550797577,2014-02-21
2014-02-24,58.45000076293945,57.79999923706055,58.400001525878906,57.900001525878906,7368063.0,57.900001525878906,115.0,0.0,145.0,3991.0,4021.0,10.0,18.0,50.0,2574.0,2542.0,330759.0,332176.0,1.004281049703713,6126000.0,919000.0,6.66593398701416,2014-02-24
2014-02-25,58.25,57.95000076293945,58.25,58.150001525878906,8621993.0,58.150001525878906,22.0,0.0,82.0,3931.0,3991.0,0.0,10.0,68.0,2632.0,2574.0,330819.0,332118.0,1.003923583822018,8136000.0,1431000.0,5.685530618077835,2014-02-25
2014-02-26,58.5,57.95000076293945,58.0,58.400001525878906,8953651.0,58.400001525878906,54.0,0.0,251.0,3734.0,3931.0,54.0,8.0,15.0,2639.0,2632.0,331016.0,332111.0,1.0033049662101947,8013000.0,1783000.0,4.494108528262183,2014-02-26
2014-02-27,58.45000076293945,58.29999923706055,58.29999923706055,58.29999923706055,3676458.0,58.29999923706055,36.0,1.0,101.0,3668.0,3734.0,28.0,27.0,12.0,2624.0,2639.0,331082.0,332126.0,1.0031502674555928,3075000.0,966000.0,3.1832265183990494,2014-02-27
2014-03-03,58.150001525878906,57.5,57.79999923706055,57.95000076293945,8020935.0,57.95000076293945,238.0,0.0,225.0,3681.0,3668.0,44.0,35.0,1.0,2590.0,2624.0,326069.0,327160.0,1.0033428404943725,4507000.0,3025000.0,1.4899168628374009,2014-03-03
2014-03-04,58.0,57.70000076293945,57.900001525878906,57.70000076293945,6185686.0,57.70000076293945,64.0,0.0,51.0,3694.0,3681.0,7.0,8.0,17.0,2599.0,2590.0,323431.0,324526.0,1.0033824729773182,3682000.0,982000.0,3.749487016815665,2014-03-04
2014-03-05,58.45000076293945,58.20000076293945,58.20000076293945,58.29999923706055,6901618.0,58.29999923706055,76.0,0.0,301.0,3469.0,3694.0,2.0,27.0,17.0,2589.0,2599.0,323656.0,324536.0,1.0027158380631347,3385000.0,1240000.0,2.7298365081963643,2014-03-05
2014-03-06,59.20000076293945,58.34999847412109,58.34999847412109,59.150001525878906,26226639.0,59.150001525878906,54.0,0.0,582.0,2941.0,3469.0,13.0,159.0,10.0,2440.0,2589.0,324184.0,324685.0,1.0015423292255965,24975000.0,1824000.0,13.69242670371343,2014-03-06
2014-03-07,59.79999923706055,59.29999923706055,59.29999923706055,59.400001525878906,30394804.0,59.400001525878906,87.0,0.0,313.0,2715.0,2941.0,8.0,22.0,56.0,2474.0,2440.0,320410.0,320651.0,1.0007490379543773,28773000.0,4095000.0,7.02637191053189,2014-03-07
2014-03-10,59.400001525878906,58.95000076293945,59.29999923706055,59.04999923706055,7930817.0,59.04999923706055,100.0,1.0,65.0,2749.0,2715.0,1.0,5.0,29.0,2498.0,2474.0,320376.0,320627.0,1.000780330672926,6897000.0,678000.0,10.172551367918336,2014-03-10
2014-03-11,59.45000076293945,59.150001525878906,59.25,59.34999847412109,4967719.0,59.34999847412109,65.0,0.0,73.0,2741.0,2749.0,1.0,12.0,8.0,2494.0,2498.0,320384.0,320631.0,1.0007678262090922,4531000.0,1003000.0,4.517443153097554,2014-03-11
2014-03-12,59.0,58.75,58.84999847412109,58.79999923706055,2671739.0,58.79999923706055,145.0,0.0,19.0,2867.0,2741.0,7.0,21.0,7.0,2480.0,2494.0,320258.0,320645.0,1.001205274480967,882000.0,1951000.0,0.4520756268192584,2014-03-12
2014-03-13,59.79999923706055,59.25,59.25,59.75,25692825.0,59.75,84.0,32.0,280.0,2639.0,2867.0,1.0,2.0,41.0,2519.0,2480.0,319111.0,319231.0,1.0003729098247638,23464000.0,2016000.0,11.638883115633377,2014-03-13
2014-03-14,59.29999923706055,59.09999847412109,59.150001525878906,59.150001525878906,13449615.0,59.150001525878906,172.0,0.0,70.0,2741.0,2639.0,81.0,29.0,0.0,2490.0,2519.0,317759.0,318010.0,1.0007867573011078,7305000.0,4192000.0,1.7426045461344115,2014-03-14
2014-03-17,59.20000076293945,58.900001525878906,59.150001525878906,59.04999923706055,8983182.0,59.04999923706055,61.0,0.0,12.0,2790.0,2741.0,2.0,8.0,0.0,2482.0,2490.0,315960.0,316268.0,1.0009716389048016,5917000.0,3321000.0,1.7816917248745183,2014-03-17
2014-03-18,59.5,59.20000076293945,59.400001525878906,59.400001525878906,14863279.0,59.400001525878906,48.0,0.0,121.0,2717.0,2790.0,7.0,4.0,6.0,2484.0,2482.0,317033.0,317266.0,1.0007317827110027,6108000.0,5522000.0,1.1061207703511824,2014-03-18
2014-03-19,59.45000076293945,58.95000076293945,59.400001525878906,59.25,9855394.0,59.25,85.0,0.0,626.0,2176.0,2717.0,17.0,49.0,0.0,2435.0,2484.0,315074.0,314815.0,0.9991747996508769,5381000.0,4170000.0,1.290407364410704,2014-03-19
2014-03-20,58.70000076293945,58.29999923706055,58.70000076293945,58.5,18482909.0,58.5,389.0,0.0,112.0,2453.0,2176.0,0.0,795.0,0.0,1640.0,2435.0,314422.0,315235.0,1.0025825082770663,5837000.0,12672000.0,0.460621807084769,2014-03-20
2014-03-21,58.650001525878906,58.400001525878906,58.650001525878906,58.5,4142984.0,58.5,107.0,0.0,59.0,2501.0,2453.0,0.0,212.0,23.0,1451.0,1640.0,307874.0,308924.0,1.003407226958993,423000.0,2752000.0,0.1537063394962429,2014-03-21
2014-03-24,58.650001525878906,58.25,58.45000076293945,58.650001525878906,11346270.0,58.650001525878906,235.0,0.0,83.0,2653.0,2501.0,8.0,45.0,11.0,1417.0,1451.0,306722.0,307958.0,1.0040264342745735,5409000.0,6897000.0,0.7842539097790474,2014-03-24
2014-03-25,59.150001525878906,58.5,58.5,59.150001525878906,4915027.0,59.150001525878906,42.0,0.0,197.0,2498.0,2653.0,2.0,11.0,48.0,1454.0,1417.0,306877.0,307921.0,1.003398744778055,2016000.0,1932000.0,1.0434777207672252,2014-03-25
2014-03-26,59.70000076293945,59.34999847412109,59.45000076293945,59.70000076293945,9980170.0,59.70000076293945,95.0,0.0,390.0,2203.0,2498.0,10.0,2.0,82.0,1534.0,1454.0,307172.0,307841.0,1.0021746702997985,8223000.0,1762000.0,4.666853197018617,2014-03-26
2014-03-27,59.84999847412109,59.45000076293945,59.5,59.79999923706055,11258157.0,59.79999923706055,24.0,0.0,101.0,2126.0,2203.0,31.0,11.0,9.0,1532.0,1534.0,307249.0,307843.0,1.0019300244100895,10421000.0,1142000.0,9.125210923633167,2014-03-27
2014-03-28,60.09999847412109,59.79999923706055,59.84999847412109,59.900001525878906,20164890.0,59.900001525878906,21.0,0.0,324.0,1823.0,2126.0,4.0,45.0,29.0,1516.0,1532.0,307552.0,307859.0,1.0009949504638225,19092000.0,2147000.0,8.89240386939736,2014-03-28
2014-03-31,60.150001525878906,59.900001525878906,60.04999923706055,60.09999847412109,17186901.0,60.09999847412109,62.0,0.0,108.0,1777.0,1823.0,86.0,3.0,5.0,1518.0,1516.0,303598.0,303857.0,1.0008498051706365,16368000.0,2494000.0,6.562948451103267,2014-03-31
2014-04-01,60.59999847412109,60.20000076293945,60.25,60.59999847412109,28836222.0,60.59999847412109,12.0,0.0,327.0,1462.0,1777.0,2.0,18.0,0.0,1500.0,1518.0,303538.0,303500.0,0.9998715156866168,28009000.0,5877000.0,4.765866127979219,2014-04-01
2014-04-02,61.150001525878906,60.79999923706055,60.79999923706055,60.79999923706055,19104855.0,60.79999923706055,17.0,0.0,307.0,1172.0,1462.0,0.0,18.0,0.0,1482.0,1500.0,295828.0,295518.0,0.9989487169952912,13375000.0,3340000.0,4.004489819015024,2014-04-02
2014-04-03,60.95000076293945,60.650001525878906,60.79999923706055,60.650001525878906,12620330.0,60.650001525878906,11.0,0.0,105.0,1078.0,1172.0,0.0,17.0,0.0,1465.0,1482.0,286797.0,286410.0,0.9986471314304842,9077000.0,1514000.0,5.995372526174025,2014-04-03
2014-04-07,60.5,60.29999923706055,60.400001525878906,60.5,11380319.0,60.5,43.0,0.0,31.0,1090.0,1078.0,0.0,25.0,0.0,1440.0,1465.0,286785.0,286435.0,0.9987760908830976,8622000.0,4434000.0,1.944519182562205,2014-04-07
2014-04-08,60.900001525878906,60.45000076293945,60.45000076293945,60.79999923706055,14011887.0,60.79999923706055,118.0,6.0,58.0,1144.0,1090.0,0.0,45.0,0.0,1395.0,1440.0,286731.0,286480.0,0.9991211305330412,12360000.0,3619000.0,3.41530715244345,2014-04-08
2014-04-09,61.09999847412109,60.79999923706055,60.79999923706055,61.0,12067064.0,61.0,33.0,0.0,114.0,1063.0,1144.0,0.0,553.0,0.0,842.0,1395.0,283937.0,284158.0,1.0007748170375224,8823000.0,4938000.0,1.7867554097295646,2014-04-09
2014-04-10,61.29999923706055,60.900001525878906,61.25,61.20000076293945,13486974.0,61.20000076293945,58.0,0.0,117.0,1004.0,1063.0,8.0,37.0,0.0,805.0,842.0,283996.0,284195.0,1.0006971904632795,12547000.0,4478000.0,2.801919874515437,2014-04-10
2014-04-11,61.150001525878906,60.79999923706055,60.79999923706055,61.150001525878906,15019135.0,61.150001525878906,34.0,0.0,100.0,938.0,1004.0,6.0,7.0,30.0,828.0,805.0,283937.0,284047.0,1.000383886623136,13908000.0,3740000.0,3.718715583231128,2014-04-11
2014-04-14,61.20000076293945,60.900001525878906,61.09999847412109,61.04999923706055,13397003.0,61.04999923706055,150.0,0.0,82.0,1006.0,938.0,0.0,0.0,6.0,834.0,828.0,283869.0,284041.0,1.0006023884172333,12292000.0,1240000.0,9.912895231536105,2014-04-14
2014-04-15,61.45000076293945,61.20000076293945,61.20000076293945,61.34999847412109,13893416.0,61.34999847412109,68.0,0.0,53.0,1021.0,1006.0,1.0,52.0,0.0,782.0,834.0,283729.0,283968.0,1.0008388256440983,13188000.0,384000.0,34.34366056338395,2014-04-15
2014-04-16,61.5,61.09999847412109,61.34999847412109,61.29999923706055,7049691.0,61.29999923706055,45.0,0.0,141.0,925.0,1021.0,6.0,12.0,3.0,773.0,782.0,280200.0,280352.0,1.0005388988618884,6203000.0,2846000.0,2.1795494801301896,2014-04-16
2014-04-17,61.400001525878906,61.09999847412109,61.29999923706055,61.150001525878906,3531783.0,61.150001525878906,19.0,0.0,17.0,927.0,925.0,0.0,20.0,0.0,753.0,773.0,279573.0,279747.0,1.0006187986007282,2735000.0,810000.0,3.376539041309825,2014-04-17
2014-04-18,61.900001525878906,61.5,61.75,61.54999923706055,7072752.0,61.54999923706055,33.0,0.0,203.0,757.0,927.0,1.0,87.0,6.0,672.0,753.0,279743.0,279828.0,1.000300274536719,6121000.0,1888000.0,3.242053367556479,2014-04-18
2014-04-21,61.650001525878906,61.45000076293945,61.45000076293945,61.54999923706055,3405648.0,61.54999923706055,11.0,0.0,51.0,717.0,757.0,0.0,13.0,0.0,659.0,672.0,279783.0,279841.0,1.0002037285906271,2858000.0,281000.0,10.170782310383236,2014-04-21
2014-04-22,61.95000076293945,61.54999923706055,61.54999923706055,61.75,9137755.0,61.75,12.0,0.0,31.0,698.0,717.0,11.0,23.0,4.0,640.0,659.0,274802.0,274860.0,1.0002074213163612,8525000.0,1634000.0,5.2172550689993455,2014-04-22
2014-04-23,62.04999923706055,61.5,61.84999847412109,61.650001525878906,5487114.0,61.650001525878906,47.0,0.0,9.0,736.0,698.0,11.0,2.0,0.0,636.0,640.0,274264.0,274364.0,1.0003609647603595,3834000.0,2210000.0,1.734840843963419,2014-04-23
2014-04-24,61.79999923706055,61.59999847412109,61.70000076293945,61.75,4518205.0,61.75,5.0,0.0,82.0,659.0,736.0,2.0,0.0,0.0,636.0,636.0,274091.0,274114.0,1.000080265020504,4102000.0,936000.0,4.382473950348344,2014-04-24
2014-04-25,61.79999923706055,60.59999847412109,61.650001525878906,60.70000076293945,22903168.0,60.70000076293945,246.0,0.0,83.0,822.0,659.0,11.0,1.0,0.0,635.0,636.0,265553.0,265740.0,1.0007004225129352,15686000.0,15383000.0,1.019697001904895,2014-04-25
2014-04-28,61.5,60.29999923706055,60.29999923706055,61.25,8482863.0,61.25,145.0,5.0,139.0,823.0,822.0,18.0,10.0,2.0,627.0,635.0,265552.0,265748.0,1.0007343166900768,4233000.0,3334000.0,1.2696456899682993,2014-04-28
2014-04-29,61.5,61.09999847412109,61.25,61.34999847412109,6518965.0,61.34999847412109,119.0,0.0,60.0,882.0,823.0,19.0,3.0,0.0,624.0,627.0,259868.0,260126.0,1.0009889598220645,3924000.0,3208000.0,1.223191638655973,2014-04-29
2014-04-30,61.45000076293945,60.79999923706055,61.400001525878906,61.0,5598140.0,61.0,102.0,0.0,69.0,915.0,882.0,21.0,0.0,2.0,626.0,624.0,259085.0,259374.0,1.0011116000092632,2744000.0,2491000.0,1.1015651940725837,2014-04-30
2014-05-02,61.650001525878906,61.150001525878906,61.150001525878906,61.29999923706055,7646838.0,61.29999923706055,91.0,0.0,152.0,854.0,915.0,1.0,40.0,6.0,592.0,626.0,259146.0,259408.0,1.0010071503818296,6080000.0,3043000.0,1.998027604985999,2014-05-02
2014-05-05,61.59999847412109,61.0,61.54999923706055,61.20000076293945,6845893.0,61.20000076293945,107.0,0.0,20.0,941.0,854.0,8.0,1.0,1.0,592.0,592.0,257434.0,257783.0,1.0013517975411268,4953000.0,5448000.0,0.9091408022869306,2014-05-05
2014-05-06,61.75,61.09999847412109,61.5,61.54999923706055,10313513.0,61.54999923706055,148.0,0.0,155.0,934.0,941.0,32.0,3.0,8.0,597.0,592.0,255191.0,255528.0,1.001316655694536,8935000.0,7120000.0,1.2549155540848942,2014-05-06
2014-05-07,61.59999847412109,61.20000076293945,61.5,61.400001525878906,7877926.0,61.400001525878906,35.0,0.0,14.0,955.0,934.0,10.0,6.0,11.0,602.0,597.0,253170.0,253523.0,1.0013903646152205,6825000.0,5335000.0,1.2792874827952234,2014-05-07
2014-05-08,61.84999847412109,61.400001525878906,61.59999847412109,61.84999847412109,3831478.0,61.84999847412109,93.0,0.0,152.0,896.0,955.0,1.0,0.0,0.0,602.0,602.0,250979.0,251273.0,1.0011674236990995,3491000.0,1170000.0,2.9837581335400567,2014-05-08
2014-05-09,61.84999847412109,61.45000076293945,61.70000076293945,61.45000076293945,3932389.0,61.45000076293945,38.0,0.0,47.0,887.0,896.0,2.0,6.0,4.0,600.0,602.0,250113.0,250400.0,1.0011434785737705,3074000.0,1690000.0,1.8189338349503936,2014-05-09
2014-05-12,61.5,61.09999847412109,61.5,61.150001525878906,3933661.0,61.150001525878906,82.0,0.0,47.0,922.0,887.0,19.0,5.0,12.0,607.0,600.0,250078.0,250393.0,1.0012556032293796,2711000.0,1119000.0,2.4226966731933217,2014-05-12
2014-05-13,61.75,61.34999847412109,61.59999847412109,61.45000076293945,5610714.0,61.45000076293945,48.0,0.0,111.0,859.0,922.0,0.0,1.0,13.0,619.0,607.0,247391.0,247631.0,1.000966078127021,4807000.0,1123000.0,4.280494852631476,2014-05-13
2014-05-14,61.79999923706055,61.45000076293945,61.59999847412109,61.79999923706055,10739563.0,61.79999923706055,27.0,0.0,69.0,817.0,859.0,0.0,1.0,10.0,628.0,619.0,247433.0,247622.0,1.0007597985725487,10311000.0,689000.0,14.965145188468522,2014-05-14
2014-05-15,61.84999847412109,61.54999923706055,61.75,61.75,8903574.0,61.75,60.0,0.0,6.0,871.0,817.0,2.0,1.0,5.0,632.0,628.0,247379.0,247618.0,1.0009620826259196,7354000.0,634000.0,11.599350789667524,2014-05-15
2014-05-16,61.84999847412109,61.400001525878906,61.650001525878906,61.84999847412109,9138648.0,61.84999847412109,83.0,0.0,61.0,893.0,871.0,19.0,9.0,5.0,628.0,632.0,247107.0,247372.0,1.0010683587743012,7423000.0,3609000.0,2.0568018684394933,2014-05-16
2014-05-19,62.0,61.79999923706055,61.84999847412109,61.84999847412109,7165881.0,61.84999847412109,231.0,0.0,106.0,1018.0,893.0,5.0,0.0,12.0,640.0,628.0,246982.0,247360.0,1.001526420846779,5375000.0,1155000.0,4.653675624523268,2014-05-19
2014-05-20,62.29999923706055,61.900001525878906,61.900001525878906,62.09999847412109,9946886.0,62.09999847412109,34.0,0.0,93.0,959.0,1018.0,6.0,3.0,16.0,653.0,640.0,246666.0,246972.0,1.001236484815561,9568000.0,1676000.0,5.7088271427045685,2014-05-20
2014-05-21,62.20000076293945,61.75,62.0,61.79999923706055,6524205.0,61.79999923706055,98.0,0.0,48.0,1009.0,959.0,0.0,1.0,23.0,675.0,653.0,246616.0,246950.0,1.0013502718790674,4459000.0,413000.0,10.79658402764158,2014-05-21
2014-05-22,62.650001525878906,61.95000076293945,62.0,62.650001525878906,14665439.0,62.650001525878906,63.0,0.0,111.0,961.0,1009.0,21.0,24.0,9.0,660.0,675.0,246664.0,246965.0,1.0012162244339489,13561000.0,1815000.0,7.471621227756899,2014-05-22
2014-05-23,62.900001525878906,62.650001525878906,62.84999847412109,62.75,13448718.0,62.75,71.0,0.0,233.0,799.0,961.0,1.0,3.0,14.0,671.0,660.0,246826.0,246954.0,1.0005145304200918,12478000.0,851000.0,14.662732476225058,2014-05-23
2014-05-26,63.09999847412109,62.84999847412109,62.84999847412109,63.04999923706055,8643880.0,63.04999923706055,21.0,0.0,84.0,736.0,799.0,0.0,9.0,4.0,666.0,671.0,246139.0,246209.0,1.0002803282684651,7475000.0,3290000.0,2.27203578357575,2014-05-26
2014-05-27,63.20000076293945,62.95000076293945,63.04999923706055,63.09999847412109,8034252.0,63.09999847412109,33.0,0.0,13.0,756.0,736.0,5.0,2.0,3.0,667.0,666.0,246119.0,246208.0,1.00035754916301,7232000.0,736000.0,9.826073605878252,2014-05-27
2014-05-28,63.79999923706055,63.150001525878906,63.150001525878906,63.70000076293945,11647085.0,63.70000076293945,90.0,0.0,21.0,825.0,756.0,11.0,20.0,3.0,650.0,667.0,246050.0,246225.0,1.0007071704646595,9962000.0,4699000.0,2.120025086183212,2014-05-28
2014-05-29,63.70000076293945,63.400001525878906,63.70000076293945,63.400001525878906,9544840.0,63.400001525878906,48.0,0.0,49.0,824.0,825.0,51.0,10.0,3.0,643.0,650.0,246051.0,246232.0,1.0007315526799214,7606000.0,2713000.0,2.803537484873761,2014-05-29
2014-05-30,63.45000076293945,63.09999847412109,63.400001525878906,63.09999847412109,6715690.0,63.09999847412109,56.0,0.0,138.0,742.0,824.0,45.0,5.0,10.0,648.0,643.0,245008.0,245102.0,1.000379577893057,4680000.0,1243000.0,3.765081444021365,2014-05-30
2014-06-03,63.45000076293945,62.79999923706055,63.150001525878906,63.150001525878906,5110138.0,63.150001525878906,50.0,0.0,15.0,777.0,742.0,2.0,3.0,1.0,646.0,648.0,244598.0,244729.0,1.000531482140156,3856000.0,2588000.0,1.4899530564323584,2014-06-03
2014-06-04,63.54999923706055,63.29999923706055,63.400001525878906,63.400001525878906,3390223.0,63.400001525878906,2.0,1.0,70.0,708.0,777.0,0.0,0.0,1.0,647.0,646.0,244417.0,244478.0,1.0002454811020465,2790000.0,1754000.0,1.5906490361179957,2014-06-04
2014-06-05,63.400001525878906,63.09999847412109,63.29999923706055,63.400001525878906,1703159.0,63.400001525878906,22.0,0.0,15.0,715.0,708.0,0.0,0.0,1.0,648.0,647.0,243535.0,243602.0,1.000271007161159,1347000.0,397000.0,3.392938556829832,2014-06-05
2014-06-06,63.75,63.400001525878906,63.650001525878906,63.54999923706055,3489349.0,63.54999923706055,279.0,0.0,57.0,937.0,715.0,0.0,3.0,4.0,649.0,648.0,243313.0,243601.0,1.0011795457721298,2495000.0,1819010.0,1.3716244706601557,2014-06-06
2014-06-09,63.84999847412109,63.59999847412109,63.59999847412109,63.79999923706055,3894834.0,63.79999923706055,24.0,0.0,51.0,910.0,937.0,1.0,1.0,1.0,649.0,649.0,243340.0,243601.0,1.0010684594868928,3188000.0,2452000.0,1.3001626018912718,2014-06-09
2014-06-10,64.30000305175781,63.84999847412109,63.84999847412109,64.19999694824219,6843134.0,64.19999694824219,28.0,0.0,29.0,909.0,910.0,0.0,1.0,0.0,648.0,649.0,243341.0,243602.0,1.00106845509612,5934000.0,4327000.0,1.3713886361477614,2014-06-10
2014-06-11,64.25,64.05000305175781,64.19999694824219,64.1500015258789,5038545.0,64.1500015258789,32.0,0.0,7.0,934.0,909.0,3.0,7.0,0.0,641.0,648.0,232941.0,233234.0,1.0012535309218604,4516000.0,578000.0,7.813135271392264,2014-06-11
2014-06-12,64.0999984741211,63.900001525878906,64.0,64.0,4508091.0,64.0,28.0,0.0,12.0,950.0,934.0,3.0,7.0,1.0,635.0,641.0,232925.0,233240.0,1.0013480676266282,3733000.0,1160000.0,3.218100674051143,2014-06-12
2014-06-13,63.900001525878906,63.70000076293945,63.900001525878906,63.84999847412109,3322318.0,63.84999847412109,49.0,0.0,16.0,983.0,950.0,2.0,0.0,2.0,637.0,635.0,232892.0,233238.0,1.001481366979686,2495156.0,992000.0,2.51527569024628,2014-06-13
2014-06-16,64.0,63.59999847412109,63.84999847412109,63.900001525878906,2605436.0,63.900001525878906,36.0,0.0,5.0,1014.0,983.0,4.0,0.0,2.0,639.0,637.0,241236.0,241611.0,1.0015503426091354,1928000.0,1040000.0,1.853844371303489,2014-06-16
2014-06-17,64.44999694824219,63.84999847412109,63.900001525878906,64.3499984741211,3853708.0,64.3499984741211,15.0,0.0,97.0,932.0,1014.0,1.0,1.0,7.0,645.0,639.0,257568.0,257855.0,1.0011103820723768,3457000.0,370000.0,9.343217991302726,2014-06-17
2014-06-18,64.80000305175781,64.30000305175781,64.4000015258789,64.5,9534569.0,64.5,100.0,0.0,85.0,947.0,932.0,5.0,0.0,0.0,645.0,645.0,270053.0,270355.0,1.0011145918964357,8036000.0,4129000.0,1.9462334835956687,2014-06-18
2014-06-19,65.05000305175781,64.55000305175781,64.6500015258789,64.94999694824219,9933277.0,64.94999694824219,36.0,0.0,341.0,642.0,947.0,0.0,14.0,8.0,639.0,645.0,282858.0,282861.0,1.0000070706606472,8707000.0,5412000.0,1.6088319274146476,2014-06-19
2014-06-20,65.0999984741211,64.69999694824219,64.94999694824219,64.75,3557667.0,64.75,39.0,0.0,79.0,602.0,642.0,0.0,4.0,4.0,639.0,639.0,282898.0,282861.0,0.9998656764428294,2460100.0,1825000.0,1.3479992613702678,2014-06-20
2014-06-23,65.0,64.5999984741211,64.80000305175781,64.69999694824219,13750447.0,64.69999694824219,38.0,0.0,15.0,625.0,602.0,1.0,0.0,1.0,640.0,639.0,326625.0,326610.0,0.9999510143099448,12843000.0,10889000.0,1.179447040183025,2014-06-23
2014-06-24,65.05000305175781,64.69999694824219,64.8499984741211,64.80000305175781,7963338.0,64.80000305175781,34.0,0.0,21.0,638.0,625.0,0.0,2.0,0.0,638.0,640.0,326612.0,326612.0,0.999996938272512,7177000.0,2312000.0,3.104237411662019,2014-06-24
2014-06-25,64.80000305175781,64.5999984741211,64.6500015258789,64.6500015258789,7516190.0,64.6500015258789,99.0,0.0,11.0,726.0,638.0,10.0,0.0,0.0,638.0,638.0,326524.0,326612.0,1.0002664420794734,6718000.0,4251000.0,1.5803336672938917,2014-06-25
2014-06-26,65.4000015258789,64.75,64.75,65.3499984741211,9208018.0,65.3499984741211,73.0,0.0,113.0,686.0,726.0,2.0,0.0,5.0,643.0,638.0,336564.0,336607.0,1.0001247901594046,8457000.0,3518000.0,2.403922000022172,2014-06-26
2014-06-27,65.3499984741211,64.5,65.3499984741211,65.3499984741211,9225169.0,65.3499984741211,99.0,0.0,66.0,719.0,686.0,11.0,0.0,2.0,645.0,643.0,336531.0,336605.0,1.0002169184505485,8499000.0,6070000.0,1.400164513976192,2014-06-27
2014-06-30,66.0,65.19999694824219,65.30000305175781,65.94999694824219,7584505.0,65.94999694824219,131.0,0.0,74.0,776.0,719.0,29.0,6.0,2.0,641.0,645.0,337099.0,337234.0,1.0003975081578167,6477000.0,2007000.0,3.2272031752849157,2014-06-30
2014-07-01,66.75,65.8499984741211,65.94999694824219,66.55000305175781,9614792.0,66.55000305175781,173.0,2.0,13.0,934.0,776.0,11.0,4.0,9.0,646.0,641.0,336941.0,337229.0,1.0008517786443958,7194000.0,1847000.0,3.8949626989915,2014-07-01
2014-07-02,67.55000305175781,66.6500015258789,66.80000305175781,67.0999984741211,11640582.0,67.0999984741211,179.0,0.0,145.0,968.0,934.0,67.0,8.0,8.0,646.0,646.0,409907.0,410229.0,1.0007831025498404,7889000.0,6250000.0,1.2622397980416322,2014-07-02
2014-07-03,67.80000305175781,66.9000015258789,67.0999984741211,67.69999694824219,8115059.0,67.69999694824219,105.0,0.0,138.0,935.0,968.0,28.0,12.0,20.0,654.0,646.0,409315.0,409596.0,1.000684068054999,6909000.0,4943000.0,1.397733886762313,2014-07-03
2014-07-04,67.9000015258789,67.3499984741211,67.80000305175781,67.69999694824219,7081035.0,67.69999694824219,87.0,0.0,39.0,983.0,935.0,15.0,12.0,13.0,655.0,654.0,409267.0,409595.0,1.0007989874605394,5568000.0,5588000.0,0.9964207236183388,2014-07-04
2014-07-07,67.69999694824219,67.30000305175781,67.5,67.5999984741211,5515011.0,67.5999984741211,47.0,0.0,165.0,865.0,983.0,2.0,3.0,25.0,677.0,655.0,409010.0,409198.0,1.000457200417593,4609000.0,1661000.0,2.7748327665064623,2014-07-07
2014-07-08,67.9000015258789,67.5999984741211,67.80000305175781,67.75,5506198.0,67.75,5.0,0.0,47.0,823.0,865.0,6.0,6.0,3.0,674.0,677.0,408677.0,408826.0,1.000362143301083,4952000.0,1435000.0,3.4508686753528397,2014-07-08
2014-07-09,67.8499984741211,67.5,67.6500015258789,67.8499984741211,3129845.0,67.8499984741211,161.0,0.0,38.0,946.0,823.0,8.0,10.0,10.0,674.0,674.0,408554.0,408826.0,1.0006633133849787,1918000.0,244000.0,7.860623522034746,2014-07-09
2014-07-10,68.44999694824219,67.80000305175781,67.80000305175781,68.3499984741211,5627537.0,68.3499984741211,63.0,0.0,40.0,969.0,946.0,0.0,2.0,15.0,687.0,674.0,408781.0,409063.0,1.0006874079582762,4572000.0,1479000.0,3.0912758003544285,2014-07-10
2014-07-11,68.69999694824219,68.1500015258789,68.3499984741211,68.30000305175781,7800458.0,68.30000305175781,34.0,0.0,99.0,904.0,969.0,1.0,5.0,17.0,699.0,687.0,408846.0,409051.0,1.0004989641601871,6261000.0,4160000.0,1.5050477151327608,2014-07-11
2014-07-14,68.80000305175781,68.25,68.25,68.69999694824219,3077528.0,68.69999694824219,67.0,0.0,44.0,927.0,904.0,0.0,25.0,1.0,675.0,699.0,408823.0,409075.0,1.0006139561278202,1688145.0,1403000.0,1.20323862919556,2014-07-14
2014-07-15,69.05000305175781,68.75,68.94999694824219,68.94999694824219,3956132.0,68.94999694824219,163.0,0.0,49.0,1041.0,927.0,11.0,8.0,7.0,674.0,675.0,408709.0,409076.0,1.000895500477111,2818000.0,2477000.0,1.1376660728033618,2014-07-15
2014-07-16,69.0,68.0999984741211,68.94999694824219,68.3499984741211,5002973.0,68.3499984741211,153.0,0.0,167.0,1027.0,1041.0,4.0,1.0,14.0,687.0,674.0,408723.0,409063.0,1.0008294105557785,2924000.0,3071000.0,0.9521325457074096,2014-07-16
2014-07-17,68.0,67.30000305175781,67.94999694824219,67.5,8012978.0,67.5,200.0,0.0,148.0,1079.0,1027.0,7.0,22.0,4.0,669.0,687.0,335671.0,336081.0,1.001218451345361,3553000.0,5786000.0,0.614068334934612,2014-07-17
2014-07-18,67.5999984741211,67.0,67.05000305175781,67.5,6375175.0,67.5,226.0,0.0,105.0,1200.0,1079.0,39.0,3.0,2.0,668.0,669.0,335550.0,336082.0,1.0015824718150148,3415000.0,2778000.0,1.229301213354495,2014-07-18
2014-07-21,67.94999694824219,67.5,67.75,67.5,5309448.0,67.5,172.0,0.0,200.0,1172.0,1200.0,63.0,5.0,22.0,685.0,668.0,335578.0,336065.0,1.0014482431856582,2402000.0,3337000.0,0.7198079952628124,2014-07-21
2014-07-22,68.19999694824219,67.5,67.69999694824219,68.0999984741211,4156126.0,68.0999984741211,127.0,0.0,157.0,1142.0,1172.0,7.0,6.0,20.0,699.0,685.0,335608.0,336051.0,1.0013170087810517,2930000.0,2209000.0,1.326391432145119,2014-07-22
2014-07-23,68.0999984741211,68.0999984741211,68.0999984741211,68.0999984741211,0.0,68.0999984741211,127.0,0.0,157.0,1142.0,1172.0,7.0,6.0,20.0,699.0,685.0,335608.0,336051.0,1.0013170087810517,2930000.0,2209000.0,1.326391432145119,2014-07-23
2014-07-24,68.4000015258789,68.0999984741211,68.30000305175781,68.4000015258789,3849330.0,68.4000015258789,105.0,0.0,108.0,1139.0,1142.0,103.0,9.0,4.0,694.0,699.0,335611.0,336056.0,1.0013229562709318,2606000.0,2713000.0,0.960559911330663,2014-07-24
2014-07-25,68.4000015258789,67.44999694824219,68.4000015258789,67.6500015258789,5548433.0,67.6500015258789,243.0,0.0,55.0,1327.0,1139.0,4.0,2.0,7.0,699.0,694.0,335423.0,336051.0,1.0018692759015455,2224000.0,4518000.0,0.4922531004309207,2014-07-25
2014-07-28,67.80000305175781,67.30000305175781,67.44999694824219,67.5,2764903.0,67.5,116.0,0.0,84.0,1359.0,1327.0,62.0,16.0,8.0,691.0,699.0,335391.0,336059.0,1.0019887176796107,1337000.0,1717000.0,0.7786832972141542,2014-07-28
2014-07-29,67.94999694824219,67.19999694824219,67.75,67.44999694824219,7204003.0,67.44999694824219,418.0,0.0,139.0,1638.0,1359.0,84.0,34.0,30.0,687.0,691.0,335112.0,336063.0,1.002834864657593,4571000.0,5832000.0,0.7837790151270551,2014-07-29
2014-07-30,67.94999694824219,67.44999694824219,67.44999694824219,67.8499984741211,2800462.0,67.8499984741211,213.0,0.0,107.0,1744.0,1638.0,1.0,15.0,37.0,709.0,687.0,335006.0,336041.0,1.0030865026700937,1916000.0,1499000.0,1.2781846042797838,2014-07-30
2014-07-31,67.8499984741211,66.5999984741211,67.8499984741211,66.75,11131485.0,66.75,472.0,0.0,177.0,2039.0,1744.0,285.0,29.0,25.0,705.0,709.0,334711.0,336045.0,1.003982528263104,3429000.0,9588000.0,0.357634505878754,2014-07-31
2014-08-01,66.30000305175781,65.9000015258789,65.94999694824219,66.25,12831792.0,66.25,478.0,0.0,116.0,2401.0,2039.0,26.0,54.0,15.0,666.0,705.0,337349.0,339084.0,1.005140062249889,3926000.0,8821000.0,0.4450742041634504,2014-08-01
2014-08-04,66.69999694824219,66.0999984741211,66.19999694824219,66.5999984741211,3754385.0,66.5999984741211,249.0,0.0,203.0,2447.0,2401.0,9.0,13.0,26.0,679.0,666.0,337303.0,339071.0,1.0052385978227356,1754000.0,2266000.0,0.774050849933429,2014-08-04
2014-08-05,66.4000015258789,65.0999984741211,66.4000015258789,65.25,19581384.0,65.25,666.0,0.0,171.0,2942.0,2447.0,188.0,21.0,61.0,719.0,679.0,336808.0,339031.0,1.006597210882132,4777000.0,16646000.0,0.2869758328141396,2014-08-05
2014-08-06,65.75,65.05000305175781,65.30000305175781,65.69999694824219,6860410.0,65.69999694824219,439.0,2.0,257.0,3122.0,2942.0,176.0,27.0,133.0,823.0,719.0,336628.0,338927.0,1.0068265063318966,3706000.0,3569000.0,1.0383858116038631,2014-08-06
2014-08-07,65.9000015258789,65.4000015258789,65.75,65.69999694824219,6005594.0,65.69999694824219,242.0,2.0,120.0,3242.0,3122.0,11.0,11.0,52.0,864.0,823.0,336508.0,338886.0,1.007063704091124,672000.0,4452000.0,0.1509433623217964,2014-08-07
2014-08-08,65.69999694824219,65.05000305175781,65.44999694824219,65.69999694824219,14251196.0,65.69999694824219,270.0,0.0,162.0,3350.0,3242.0,25.0,32.0,41.0,873.0,864.0,336400.0,338877.0,1.007360263495055,5827000.0,12022000.0,0.4846946860177436,2014-08-08
2014-08-11,66.1500015258789,65.75,66.0,66.05000305175781,8083747.0,66.05000305175781,390.0,38.0,268.0,3434.0,3350.0,61.0,61.0,48.0,860.0,873.0,336316.0,338890.0,1.0076505201937458,4688000.0,2749000.0,1.7053467787025178,2014-08-11
2014-08-12,66.30000305175781,65.8499984741211,66.0,66.0999984741211,4360382.0,66.0999984741211,140.0,1.0,274.0,3299.0,3434.0,8.0,14.0,30.0,876.0,860.0,336201.0,338624.0,1.0072040023557267,2327000.0,2583000.0,0.9008900886991528,2014-08-12
2014-08-13,66.75,66.05000305175781,66.1500015258789,66.75,5217269.0,66.75,194.0,1.0,386.0,3106.0,3299.0,74.0,21.0,99.0,954.0,876.0,336394.0,338546.0,1.0063942686425185,3731150.0,1886000.0,1.978339354008826,2014-08-13
2014-08-14,67.25,66.94999694824219,67.0,67.0999984741211,5985133.0,67.0999984741211,187.0,0.0,407.0,2886.0,3106.0,3.0,48.0,31.0,937.0,954.0,336614.0,338563.0,1.0057870267219229,3983000.0,2806000.0,1.419457797769851,2014-08-14
2014-08-15,67.25,66.75,67.0999984741211,67.0999984741211,3889652.0,67.0999984741211,131.0,0.0,145.0,2872.0,2886.0,11.0,5.0,58.0,990.0,937.0,336628.0,338510.0,1.005587753877414,2528000.0,2333000.0,1.083582904593697,2014-08-15
2014-08-18,67.0999984741211,66.5999984741211,67.0999984741211,66.9000015258789,2431156.0,66.9000015258789,247.0,0.0,165.0,2954.0,2872.0,10.0,41.0,19.0,968.0,990.0,312796.0,314782.0,1.0063459687912608,1021000.0,1042000.0,0.9798455087855004,2014-08-18
2014-08-19,67.75,67.0,67.30000305175781,67.75,6729759.0,67.75,404.0,0.0,543.0,2815.0,2954.0,74.0,38.0,59.0,989.0,968.0,312935.0,314761.0,1.0058318633842065,5354000.0,2558000.0,2.093040620390688,2014-08-19
2014-08-20,68.05000305175781,67.69999694824219,67.69999694824219,68.0,8462251.0,68.0,154.0,3.0,317.0,2649.0,2815.0,23.0,31.0,37.0,995.0,989.0,313101.0,314755.0,1.0052794297066132,7143000.0,4767000.0,1.4984263691155089,2014-08-20
2014-08-21,68.0999984741211,67.80000305175781,68.0,67.9000015258789,3052384.0,67.9000015258789,59.0,0.0,131.0,2577.0,2649.0,20.0,5.0,22.0,1012.0,995.0,313173.0,314738.0,1.0049940288785149,1575000.0,1516000.0,1.0389175205029548,2014-08-21
2014-08-22,68.94999694824219,68.0999984741211,68.0999984741211,68.75,7540274.0,68.75,340.0,0.0,430.0,2487.0,2577.0,11.0,49.0,47.0,1010.0,1012.0,313263.0,314740.0,1.0047116808825782,4865000.0,1809000.0,2.689329635528117,2014-08-22
2014-08-25,68.9000015258789,68.5999984741211,68.75,68.6500015258789,2955425.0,68.6500015258789,95.0,0.0,131.0,2451.0,2487.0,13.0,19.0,47.0,1038.0,1010.0,313299.0,314712.0,1.0045068624321736,1769000.0,1324000.0,1.3361017098929684,2014-08-25
2014-08-26,68.80000305175781,68.55000305175781,68.5999984741211,68.5999984741211,1734004.0,68.5999984741211,60.0,0.0,107.0,2404.0,2451.0,5.0,7.0,22.0,1053.0,1038.0,313346.0,314697.0,1.004308322722094,692000.0,798000.0,0.8671668331242692,2014-08-26
2014-08-27,69.4000015258789,68.94999694824219,68.94999694824219,69.25,7614061.0,69.25,378.0,0.0,839.0,1943.0,2404.0,16.0,25.0,50.0,1078.0,1053.0,313807.0,314672.0,1.0027532758884414,6288000.0,1459000.0,4.309798279781851,2014-08-27
2014-08-28,69.44999694824219,69.19999694824219,69.25,69.3499984741211,3895335.0,69.3499984741211,46.0,0.0,115.0,1874.0,1943.0,13.0,3.0,56.0,1131.0,1078.0,313876.0,314619.0,1.0023639833437938,3207000.0,1352000.0,2.3720396656511347,2014-08-28
2014-08-29,69.30000305175781,68.8499984741211,69.05000305175781,69.19999694824219,2432166.0,69.19999694824219,61.0,0.0,74.0,1861.0,1874.0,113.0,15.0,8.0,1124.0,1131.0,279889.0,280626.0,1.0026296044874772,961000.0,949000.0,1.012643822293127,2014-08-29
2014-09-01,69.94999694824219,69.25,69.25,69.80000305175781,5273975.0,69.80000305175781,62.0,0.0,134.0,1789.0,1861.0,17.0,8.0,20.0,1136.0,1124.0,279961.0,280614.0,1.002328887491874,4143000.0,1369000.0,3.026294356249557,2014-09-01
2014-09-02,69.69999694824219,68.5999984741211,69.69999694824219,68.75,17741570.0,68.75,574.0,0.0,205.0,2158.0,1789.0,31.0,27.0,32.0,1141.0,1136.0,278717.0,279734.0,1.0036452615188112,9644000.0,14378000.0,0.6707469278935229,2014-09-02
2014-09-03,69.44999694824219,68.8499984741211,68.9000015258789,69.25,6908361.0,69.25,161.0,50.0,236.0,2033.0,2158.0,16.0,4.0,54.0,1191.0,1141.0,229967.0,230809.0,1.0036570305433798,5222000.0,1117000.0,4.675018196044587,2014-09-03
2014-09-04,69.1500015258789,68.80000305175781,69.0,69.0,5388338.0,69.0,178.0,5.0,167.0,2039.0,2033.0,9.0,13.0,12.0,1185.0,1191.0,229711.0,230565.0,1.003713345406422,1419000.0,3205000.0,0.442745571686249,2014-09-04
2014-09-05,69.30000305175781,68.6500015258789,69.30000305175781,69.0,7409895.0,69.0,167.0,0.0,42.0,2164.0,2039.0,12.0,16.0,14.0,1183.0,1185.0,229586.0,230567.0,1.0042685343682352,2054000.0,6151000.0,0.3339293880784607,2014-09-05
2014-09-09,69.5,69.25,69.4000015258789,69.25,7410533.0,69.25,44.0,0.0,105.0,2103.0,2164.0,71.0,22.0,13.0,1174.0,1183.0,229647.0,230576.0,1.004040967045217,1520000.0,4497000.0,0.3380030380246747,2014-09-09
2014-09-10,68.94999694824219,68.05000305175781,68.94999694824219,68.6500015258789,17854876.0,68.6500015258789,549.0,0.0,199.0,2453.0,2103.0,95.0,85.0,20.0,1107.0,1174.0,229297.0,230643.0,1.0058657293129465,5826000.0,16627000.0,0.3503939164976293,2014-09-10
2014-09-11,68.69999694824219,68.4000015258789,68.69999694824219,68.4000015258789,8677472.0,68.4000015258789,161.0,0.0,40.0,2574.0,2453.0,18.0,3.0,37.0,1141.0,1107.0,229176.0,230609.0,1.006248445524638,1711000.0,7658200.0,0.2234206179754226,2014-09-11
2014-09-12,68.4000015258789,67.5999984741211,68.4000015258789,67.75,19509840.0,67.75,603.0,0.0,238.0,2939.0,2574.0,153.0,42.0,33.0,1132.0,1141.0,232561.0,234368.0,1.00776567108986,6967000.0,16328000.0,0.4266903217362615,2014-09-12
2014-09-15,67.75,67.1500015258789,67.1500015258789,67.75,13125698.0,67.75,419.0,0.0,116.0,3242.0,2939.0,35.0,28.0,166.0,1270.0,1132.0,232258.0,234230.0,1.0084862158194086,5260000.0,11955000.0,0.4399832337947943,2014-09-15
2014-09-16,67.6500015258789,67.1500015258789,67.6500015258789,67.19999694824219,18030287.0,67.19999694824219,527.0,0.0,36.0,3733.0,3242.0,121.0,74.0,22.0,1218.0,1270.0,240642.0,243157.0,1.0104470107171204,1937500.0,17359000.0,0.1116135657806575,2014-09-16
2014-09-17,68.19999694824219,67.44999694824219,67.5,67.69999694824219,16515909.0,67.69999694824219,616.0,5.0,280.0,4064.0,3733.0,104.0,33.0,137.0,1322.0,1218.0,243561.0,246303.0,1.0112538080652975,4990000.0,14274000.0,0.3495866365709236,2014-09-17
2014-09-18,68.05000305175781,67.5999984741211,67.69999694824219,67.8499984741211,16231841.0,67.8499984741211,298.0,0.0,91.0,4271.0,4064.0,25.0,14.0,16.0,1324.0,1322.0,246104.0,249051.0,1.0119705003961723,2780000.0,15240000.0,0.182414686193262,2014-09-18
2014-09-19,68.25,67.8499984741211,68.19999694824219,68.0,12117026.0,68.0,362.0,0.0,315.0,4318.0,4271.0,47.0,25.0,52.0,1351.0,1324.0,246307.0,249274.0,1.0120418338015815,2962147.0,10090000.0,0.2935725179809199,2014-09-19
2014-09-22,67.3499984741211,66.55000305175781,67.3499984741211,66.94999694824219,27057800.0,66.94999694824219,896.0,0.0,189.0,5025.0,4318.0,338.0,124.0,56.0,1283.0,1351.0,249725.0,253467.0,1.0149804185387183,5349000.0,25074000.0,0.2133285389914437,2014-09-22
2014-09-23,67.0,66.6500015258789,66.9000015258789,66.80000305175781,14803800.0,66.80000305175781,159.0,0.0,133.0,5051.0,5025.0,34.0,77.0,81.0,1287.0,1283.0,252574.0,256338.0,1.0148985449866377,2303000.0,13275000.0,0.1734839793985703,2014-09-23
2014-09-24,66.80000305175781,66.30000305175781,66.55000305175781,66.55000305175781,25198120.0,66.55000305175781,307.0,0.0,123.0,5235.0,5051.0,72.0,80.0,54.0,1261.0,1287.0,255765.0,259739.0,1.015533730050124,4005000.0,23530000.0,0.1702082375602109,2014-09-24
2014-09-25,66.8499984741211,65.69999694824219,66.69999694824219,65.94999694824219,23056032.0,65.94999694824219,675.0,0.0,240.0,5670.0,5235.0,222.0,64.0,245.0,1442.0,1261.0,248330.0,252558.0,1.0170216364449065,4683000.0,19571000.0,0.2392825998016146,2014-09-25
2014-09-26,65.8499984741211,65.25,65.5,65.5999984741211,23172009.0,65.5999984741211,430.0,1.0,342.0,5757.0,5670.0,220.0,147.0,137.0,1432.0,1442.0,248243.0,252568.0,1.0174183464655742,4022000.0,18393000.0,0.2186701343625219,2014-09-26
2014-09-29,65.69999694824219,65.19999694824219,65.6500015258789,65.4000015258789,17179426.0,65.4000015258789,463.0,0.0,93.0,6127.0,5757.0,187.0,66.0,39.0,1405.0,1432.0,254123.0,258845.0,1.018577544820639,4446000.0,15018000.0,0.2960447265917748,2014-09-29
2014-09-30,65.6500015258789,64.6500015258789,65.30000305175781,65.30000305175781,20703888.0,65.30000305175781,679.0,0.0,344.0,6462.0,6127.0,753.0,95.0,301.0,1611.0,1405.0,255663.0,260514.0,1.0189702109018086,5844000.0,14129000.0,0.4136173534137339,2014-09-30
2014-10-01,65.6500015258789,64.8499984741211,65.05000305175781,65.5,17507959.0,65.5,517.0,0.0,339.0,6640.0,6462.0,584.0,113.0,61.0,1559.0,1611.0,255485.0,260566.0,1.019883672686566,2689000.0,13695000.0,0.1963490181563331,2014-10-01
2014-10-02,65.75,64.9000015258789,65.0,65.5,11487395.0,65.5,397.0,0.0,425.0,6612.0,6640.0,253.0,109.0,75.0,1525.0,1559.0,255513.0,260600.0,1.019904975852595,3295000.0,8301000.0,0.3969400798771136,2014-10-02
2014-10-03,66.69999694824219,65.5999984741211,65.80000305175781,66.69999694824219,16238916.0,66.69999694824219,936.0,0.0,654.0,6894.0,6612.0,470.0,299.0,69.0,1295.0,1525.0,254856.0,260455.0,1.021965258949136,8813000.0,9343000.0,0.9432729376781614,2014-10-03
2014-10-06,66.69999694824219,66.1500015258789,66.6500015258789,66.6500015258789,6657762.0,66.6500015258789,296.0,0.0,604.0,6586.0,6894.0,314.0,51.0,28.0,1272.0,1295.0,255164.0,260478.0,1.020821821174534,1727000.0,4328000.0,0.3990294826641676,2014-10-06
2014-10-07,66.25,65.69999694824219,66.25,66.0999984741211,11314185.0,66.0999984741211,353.0,0.0,592.0,6347.0,6586.0,341.0,57.0,146.0,1361.0,1272.0,255403.0,260389.0,1.019518096819157,7429000.0,8749000.0,0.8491255173019182,2014-10-07
2014-10-08,66.05000305175781,65.69999694824219,65.80000305175781,65.69999694824219,8106253.0,65.69999694824219,283.0,0.0,300.0,6330.0,6347.0,71.0,65.0,61.0,1357.0,1361.0,255420.0,260393.0,1.019465901394169,2548000.0,5079000.0,0.5016734590129043,2014-10-08
2014-10-09,66.44999694824219,65.69999694824219,66.0999984741211,66.0,15003660.0,66.0,389.0,2.0,296.0,6421.0,6330.0,168.0,41.0,122.0,1438.0,1357.0,255329.0,260312.0,1.0195120040731602,5531152.0,8898000.0,0.6216173722614776,2014-10-09
2014-10-13,64.55000305175781,63.79999923706055,64.1500015258789,64.0,19670686.0,64.0,637.0,11.0,533.0,6514.0,6421.0,248.0,243.0,286.0,1481.0,1438.0,255486.0,260519.0,1.019695718373146,5806000.0,12972000.0,0.4475793672849701,2014-10-13
2014-10-14,64.5999984741211,64.0,64.0,64.55000305175781,12914248.0,64.55000305175781,280.0,0.0,360.0,6434.0,6514.0,259.0,289.0,137.0,1329.0,1481.0,255566.0,260671.0,1.0199712795470464,2967000.0,6079000.0,0.4880736160431623,2014-10-14
2014-10-15,64.80000305175781,63.95000076293945,64.44999694824219,64.0999984741211,14412455.0,64.0999984741211,474.0,2.0,330.0,6576.0,6434.0,242.0,331.0,175.0,1173.0,1329.0,255424.0,260827.0,1.0211490652833513,4262000.0,8997000.0,0.4737134073898624,2014-10-15
2014-10-16,64.3499984741211,63.25,63.650001525878906,64.0,24720177.0,64.0,842.0,1.0,537.0,6880.0,6576.0,534.0,269.0,105.0,1009.0,1173.0,256995.0,262866.0,1.0228408224252517,12096160.0,19036000.0,0.6354359825889901,2014-10-16
2014-10-17,64.4000015258789,63.34999847412109,64.25,63.34999847412109,15739726.0,63.34999847412109,696.0,0.0,484.0,7092.0,6880.0,0.0,292.0,0.0,715.0,1009.0,256783.0,263160.0,1.0248302074895632,6073000.0,11457000.0,0.5300689072122801,2014-10-17
2014-10-20,64.5999984741211,63.900001525878906,64.25,64.5999984741211,10883538.0,64.5999984741211,480.0,4.0,691.0,6877.0,7092.0,0.0,485.0,0.0,119.0,715.0,256998.0,263756.0,1.0262919310970082,6498000.0,4205000.0,1.5453028429719755,2014-10-20
2014-10-21,64.55000305175781,64.19999694824219,64.4000015258789,64.30000305175781,7237011.0,64.30000305175781,0.0,0.0,213.0,6664.0,6877.0,0.0,0.0,0.0,0.0,119.0,258211.0,264875.0,1.0258043777980883,2483000.0,6006000.0,0.4134198445854404,2014-10-21
2014-10-22,65.44999694824219,65.0,65.0999984741211,65.30000305175781,9342412.0,65.30000305175781,0.0,0.0,819.0,5845.0,6664.0,0.0,0.0,0.0,0.0,0.0,256780.0,262625.0,1.0227586932054942,7320000.0,1933000.0,3.7868578443570384,2014-10-22
2014-10-23,65.30000305175781,65.0,65.30000305175781,65.05000305175781,7088255.0,65.05000305175781,0.0,0.0,456.0,5389.0,5845.0,0.0,0.0,0.0,0.0,0.0,254111.0,259500.0,1.021203248961088,4355000.0,2220000.0,1.9617108280581856,2014-10-23
2014-10-24,63.84999847412109,62.79999923706055,63.84999847412109,63.04999923706055,22503457.0,63.04999923706055,897.0,7.0,118.0,6161.0,5389.0,161.0,0.0,249.0,249.0,0.0,256839.0,262751.0,1.0230143279862949,6791000.0,19828000.0,0.3424954436909702,2014-10-24
2014-10-27,63.45000076293945,63.0,63.400001525878906,63.25,8078219.0,63.25,160.0,0.0,154.0,6167.0,6161.0,51.0,4.0,268.0,513.0,249.0,261083.0,266737.0,1.0216520353602672,2162000.0,5354000.0,0.4038101599159208,2014-10-27
2014-10-28,64.3499984741211,64.0,64.0,64.3499984741211,11178563.0,64.3499984741211,277.0,0.0,504.0,5940.0,6167.0,66.0,55.0,314.0,772.0,513.0,261435.0,266603.0,1.0197639192766108,6356000.0,2964000.0,2.1443987367075787,2014-10-28
2014-10-29,65.0,64.5,64.5999984741211,65.0,9403650.0,65.0,253.0,1.0,464.0,5728.0,5940.0,43.0,35.0,149.0,885.0,772.0,262272.0,267115.0,1.018461679242621,5463000.0,4630000.0,1.1799133520705505,2014-10-29
2014-10-30,64.94999694824219,64.55000305175781,64.8499984741211,64.80000305175781,9083758.0,64.80000305175781,180.0,0.0,141.0,5767.0,5728.0,37.0,12.0,93.0,966.0,885.0,262358.0,267159.0,1.018295541605205,4781000.0,7605000.0,0.6286652690775452,2014-10-30
2014-10-31,65.30000305175781,64.69999694824219,65.0,65.30000305175781,16609131.0,65.30000305175781,342.0,0.0,358.0,5751.0,5767.0,196.0,17.0,102.0,1051.0,966.0,262374.0,267074.0,1.0179094807050977,7604000.0,4562000.0,1.6668124360341,2014-10-31
2014-11-03,65.9000015258789,65.30000305175781,65.30000305175781,65.5999984741211,10607272.0,65.5999984741211,251.0,10.0,488.0,5504.0,5751.0,188.0,25.0,95.0,1121.0,1051.0,262746.0,267129.0,1.0166776404678264,6380000.0,2558000.0,2.4941350687509503,2014-11-03
2014-11-04,66.05000305175781,65.55000305175781,65.75,65.6500015258789,11030190.0,65.6500015258789,178.0,0.0,497.0,5185.0,5504.0,246.0,35.0,72.0,1158.0,1121.0,263065.0,267092.0,1.015304144207157,8586000.0,2858000.0,3.0041976892240414,2014-11-04
2014-11-05,65.8499984741211,65.3499984741211,65.80000305175781,65.5,10539898.0,65.5,238.0,0.0,168.0,5255.0,5185.0,45.0,21.0,116.0,1250.0,1158.0,263245.0,267250.0,1.0152101076559568,3087000.0,4554000.0,0.6778654637976583,2014-11-05
2014-11-06,65.69999694824219,64.94999694824219,65.55000305175781,65.0999984741211,21140332.0,65.0999984741211,314.0,0.0,190.0,5379.0,5255.0,73.0,24.0,122.0,1348.0,1250.0,265996.0,270027.0,1.0151505468106783,11898000.0,15517000.0,0.7667718781483612,2014-11-06
2014-11-07,65.25,64.69999694824219,65.0,65.19999694824219,10652381.0,65.19999694824219,321.0,1.0,227.0,5472.0,5379.0,37.0,39.0,106.0,1415.0,1348.0,266028.0,270085.0,1.0152464580929146,2979000.0,7719000.0,0.3859307700569024,2014-11-07
2014-11-10,66.30000305175781,65.25,65.4000015258789,66.1500015258789,16374760.0,66.1500015258789,286.0,0.0,1085.0,4673.0,5472.0,38.0,23.0,240.0,1632.0,1415.0,266827.0,269868.0,1.011393107170162,14382000.0,2278000.0,6.3134300643415,2014-11-10
2014-11-11,66.3499984741211,65.94999694824219,66.25,65.94999694824219,15092009.0,65.94999694824219,96.0,0.0,283.0,4486.0,4673.0,14.0,39.0,89.0,1682.0,1632.0,267014.0,269818.0,1.010497537591521,8616000.0,3715000.0,2.319245674496454,2014-11-11
2014-11-12,65.8499984741211,64.9000015258789,65.75,65.0,18800660.0,65.0,528.0,0.0,214.0,4800.0,4486.0,80.0,145.0,82.0,1619.0,1682.0,266700.0,269881.0,1.0119234648539002,4162000.0,15815000.0,0.2631678619558734,2014-11-12
2014-11-13,65.6500015258789,65.0,65.0,65.6500015258789,10844738.0,65.6500015258789,147.0,0.0,296.0,4651.0,4800.0,52.0,102.0,246.0,1763.0,1619.0,266849.0,269737.0,1.010818812066704,6418000.0,2924000.0,2.1949376898297914,2014-11-13
2014-11-14,65.80000305175781,65.30000305175781,65.30000305175781,65.69999694824219,11059784.0,65.69999694824219,49.0,5.0,189.0,4506.0,4651.0,40.0,10.0,67.0,1820.0,1763.0,267369.0,270055.0,1.0100422635299398,1676000.0,9322000.0,0.1797897254033763,2014-11-14
2014-11-17,66.0999984741211,64.80000305175781,66.05000305175781,65.0999984741211,17461938.0,65.0999984741211,287.0,0.0,301.0,4492.0,4506.0,435.0,72.0,141.0,1889.0,1820.0,270508.0,273111.0,1.0096189036224303,3145000.0,14209000.0,0.2213385726413841,2014-11-17
2014-11-18,65.5999984741211,64.80000305175781,65.30000305175781,64.9000015258789,9940608.0,64.9000015258789,188.0,0.0,156.0,4524.0,4492.0,213.0,127.0,221.0,1983.0,1889.0,270851.0,273392.0,1.009377815190584,4945000.0,6804000.0,0.726778258850932,2014-11-18
2014-11-19,66.0999984741211,65.1500015258789,65.1500015258789,65.8499984741211,18485249.0,65.8499984741211,261.0,0.0,599.0,4186.0,4524.0,104.0,32.0,195.0,2146.0,1983.0,271189.0,273229.0,1.007518713816881,15941000.0,4565000.0,3.4920036162095034,2014-11-19
2014-11-20,66.69999694824219,66.05000305175781,66.05000305175781,66.5999984741211,20762772.0,66.5999984741211,276.0,0.0,557.0,3905.0,4186.0,84.0,236.0,150.0,2060.0,2146.0,271470.0,273315.0,1.0067926224163908,16196000.0,2681000.0,6.041027213343076,2014-11-20
2014-11-21,66.80000305175781,66.44999694824219,66.5999984741211,66.6500015258789,11947733.0,66.6500015258789,116.0,0.0,113.0,3908.0,3905.0,39.0,33.0,87.0,2114.0,2060.0,271342.0,273136.0,1.0066078726924963,8594000.0,4343000.0,1.9788160306663527,2014-11-21
2014-11-24,67.19999694824219,66.75,66.9000015258789,66.80000305175781,13197946.0,66.80000305175781,145.0,0.0,291.0,3762.0,3908.0,17.0,88.0,56.0,2081.0,2114.0,271988.0,273669.0,1.0061767203820742,10655000.0,8053690.0,1.3229958785356926,2014-11-24
2014-11-25,67.05000305175781,66.44999694824219,66.6500015258789,66.8499984741211,13192380.0,66.8499984741211,72.0,0.0,236.0,3598.0,3762.0,9.0,24.0,26.0,2083.0,2081.0,272152.0,273667.0,1.0055630472565065,10278000.0,3720000.0,2.7629024830907305,2014-11-25
2014-11-26,66.9000015258789,66.6500015258789,66.75,66.8499984741211,8909455.0,66.8499984741211,53.0,0.0,74.0,3577.0,3598.0,15.0,20.0,22.0,2085.0,2083.0,272173.0,273665.0,1.0054781132657784,5887000.0,1383000.0,4.256685280777092,2014-11-26
2014-11-27,67.8499984741211,67.1500015258789,67.1500015258789,67.5,16528637.0,67.5,96.0,0.0,580.0,3093.0,3577.0,16.0,21.0,61.0,2125.0,2085.0,272657.0,273625.0,1.0035465674948103,12850000.0,1031000.0,12.463615457211002,2014-11-27
2014-11-28,67.69999694824219,67.3499984741211,67.55000305175781,67.5,9382047.0,67.5,56.0,0.0,230.0,2919.0,3093.0,11.0,27.0,62.0,2160.0,2125.0,272831.0,273590.0,1.0027782664790057,5931148.0,1984000.0,2.9894884125562435,2014-11-28
2014-12-01,67.44999694824219,66.1500015258789,66.30000305175781,66.80000305175781,21282946.0,66.80000305175781,466.0,1.0,261.0,3123.0,2919.0,139.0,164.0,66.0,2062.0,2160.0,272502.0,273563.0,1.0038898654326742,9286000.0,16171000.0,0.574237797647777,2014-12-01
2014-12-02,66.5,65.6500015258789,66.3499984741211,65.80000305175781,19739586.0,65.80000305175781,558.0,0.0,132.0,3549.0,3123.0,538.0,83.0,21.0,1999.0,2062.0,272076.0,273626.0,1.0056932412515576,4644000.0,16152000.0,0.2875185557504608,2014-12-02
2014-12-03,67.0,65.69999694824219,65.80000305175781,66.8499984741211,11865879.0,66.8499984741211,201.0,0.0,358.0,3392.0,3549.0,75.0,107.0,64.0,1956.0,1999.0,272233.0,273669.0,1.005271200511325,7921000.0,6005000.0,1.3190672241353498,2014-12-03
2014-12-04,67.44999694824219,67.0999984741211,67.25,67.0999984741211,11366115.0,67.0999984741211,68.0,28.0,348.0,3084.0,3392.0,146.0,27.0,52.0,1981.0,1956.0,272541.0,273644.0,1.0040434134922325,8705000.0,2802720.0,3.105910292176781,2014-12-04
2014-12-05,67.0999984741211,66.75,67.0999984741211,66.8499984741211,4318019.0,66.8499984741211,113.0,0.0,115.0,3082.0,3084.0,15.0,46.0,2.0,1937.0,1981.0,272543.0,273688.0,1.0041974873781847,1284000.0,2801000.0,0.4584075478730639,2014-12-05
2014-12-08,67.05000305175781,66.3499984741211,67.05000305175781,66.3499984741211,7633033.0,66.3499984741211,207.0,0.0,28.0,3261.0,3082.0,456.0,23.0,2.0,1916.0,1937.0,272364.0,273709.0,1.0049345547335378,1643000.0,5722000.0,0.2871373143765616,2014-12-08
2014-12-09,66.30000305175781,66.0,66.25,66.19999694824219,4620781.0,66.19999694824219,86.0,1.0,31.0,3315.0,3261.0,4.0,37.0,21.0,1900.0,1916.0,272310.0,273725.0,1.0051925922933704,1318000.0,2987000.0,0.4412452489972384,2014-12-09
2014-12-10,66.1500015258789,65.1500015258789,65.94999694824219,65.30000305175781,12851799.0,65.30000305175781,480.0,0.0,52.0,3743.0,3315.0,15.0,116.0,24.0,1808.0,1900.0,271882.0,273817.0,1.007113353905908,3333000.0,9108000.0,0.3659419888074233,2014-12-10
2014-12-11,65.3499984741211,64.69999694824219,65.05000305175781,65.25,6920153.0,65.25,219.0,0.0,193.0,3769.0,3743.0,17.0,57.0,85.0,1836.0,1808.0,269356.0,271289.0,1.0071726370578822,1969153.0,4722000.0,0.4170166418855057,2014-12-11
2014-12-12,65.5,65.1500015258789,65.25,65.30000305175781,4477502.0,65.30000305175781,227.0,20.0,77.0,3899.0,3769.0,25.0,110.0,40.0,1766.0,1836.0,269226.0,271359.0,1.0079189680084093,355000.0,3445000.0,0.1030478655884279,2014-12-12
2014-12-15,65.0999984741211,64.5,64.75,65.0999984741211,10562481.0,65.0999984741211,337.0,0.0,226.0,4010.0,3899.0,67.0,152.0,61.0,1675.0,1766.0,269115.0,271450.0,1.0086728399649223,2799000.0,8601000.0,0.3254272380621744,2014-12-15
2014-12-16,65.0,64.55000305175781,64.80000305175781,64.55000305175781,12711030.0,64.55000305175781,302.0,2.0,54.0,4256.0,4010.0,42.0,49.0,104.0,1729.0,1675.0,270744.0,273271.0,1.0093298121848973,4290100.0,11433000.0,0.3752383123206234,2014-12-16
2014-12-17,64.55000305175781,63.400001525878906,64.55000305175781,63.54999923706055,19575407.0,63.54999923706055,881.0,0.0,96.0,5041.0,4256.0,488.0,172.0,103.0,1660.0,1729.0,271834.0,275215.0,1.0124340132801148,3271000.0,17311000.0,0.1889549887958529,2014-12-17
2014-12-18,64.0999984741211,63.650001525878906,63.95000076293945,63.70000076293945,8593542.0,63.70000076293945,425.0,0.0,155.0,5311.0,5041.0,47.0,76.0,147.0,1731.0,1660.0,273439.0,277019.0,1.0130887946167348,1749100.0,6768000.0,0.2584367230442194,2014-12-18
2014-12-19,65.30000305175781,64.5999984741211,64.69999694824219,65.19999694824219,17192608.0,65.19999694824219,402.0,0.0,1031.0,4682.0,5311.0,111.0,96.0,210.0,1845.0,1731.0,275193.0,278030.0,1.0103054572410737,11784000.0,4050000.0,2.909628911202738,2014-12-19
2014-12-22,66.0,65.30000305175781,65.3499984741211,66.0,7443958.0,66.0,112.0,0.0,518.0,4276.0,4682.0,27.0,96.0,116.0,1865.0,1845.0,275599.0,278010.0,1.0087445573294629,5481000.0,1072000.0,5.1128683648616,2014-12-22
2014-12-23,66.30000305175781,65.75,66.1500015258789,65.80000305175781,5242007.0,65.80000305175781,218.0,0.0,268.0,4226.0,4276.0,12.0,62.0,66.0,1869.0,1865.0,279649.0,282006.0,1.0084248167352048,2203000.0,1299000.0,1.6959186328570957,2014-12-23
2014-12-24,66.4000015258789,65.8499984741211,65.9000015258789,66.30000305175781,6957429.0,66.30000305175781,115.0,0.0,313.0,4028.0,4226.0,0.0,34.0,70.0,1905.0,1869.0,279847.0,281970.0,1.0075826877447758,4654000.0,2205000.0,2.110656639157986,2014-12-24
2014-12-25,66.4000015258789,66.1500015258789,66.3499984741211,66.30000305175781,4417764.0,66.30000305175781,38.0,0.0,121.0,3945.0,4028.0,53.0,27.0,52.0,1930.0,1905.0,279930.0,281945.0,1.007194630105276,2576000.0,1333000.0,1.932481671056511,2014-12-25
2014-12-26,66.5,66.19999694824219,66.3499984741211,66.44999694824219,21313397.0,66.44999694824219,94.0,0.0,117.0,3922.0,3945.0,12.0,12.0,37.0,1955.0,1930.0,279953.0,281920.0,1.0070225822813748,18390000.0,18222000.0,1.0092195692448924,2014-12-26
2014-12-29,67.30000305175781,66.55000305175781,66.5999984741211,67.19999694824219,11101377.0,67.19999694824219,141.0,0.0,324.0,3745.0,3928.0,27.0,78.0,45.0,1885.0,1918.0,280130.0,281990.0,1.0066361809296365,9669000.0,2630000.0,3.6764244576332863,2014-12-29
2014-12-30,67.44999694824219,66.8499984741211,67.1500015258789,66.8499984741211,8583907.0,66.8499984741211,129.0,0.0,244.0,3630.0,3745.0,448.0,58.0,65.0,1892.0,1885.0,280245.0,281983.0,1.0061981259322168,5685000.0,2024000.0,2.808793078659546,2014-12-30
2014-12-31,67.0,66.5999984741211,66.80000305175781,66.8499984741211,7418884.0,66.8499984741211,513.0,0.0,105.0,4038.0,3630.0,67.0,42.0,59.0,1909.0,1892.0,277712.0,279841.0,1.0076625869152689,4691000.0,1684700.0,2.7844703600223424,2014-12-31
